author,subreddit,upvote_ratio,18+,title,post_id,body,url,comments,timestamp,created
giantyetifeet,politics,1.0,False,Two Homeland Security officials forced to resign by White House,jt900v,,https://amp.cnn.com/cnn/2020/11/12/politics/dhs-officials-forced-resign-white-house/index.html,1,1605264028.0,2020-11-13 04:40:28
giantyetifeet,facebook,0.9,False,Steve Bannon Caught Running a Network of Misinformation Pages on Facebook,jrzcny,,https://gizmodo.com/steve-bannon-caught-running-a-network-of-misinformation-1845633004,3,1605090196.0,2020-11-11 04:23:16
giantyetifeet,conspiracy,0.71,False,Steve Bannon Caught Running a Network of Misinformation Pages on Facebook,jrzcaa,,https://gizmodo.com/steve-bannon-caught-running-a-network-of-misinformation-1845633004,6,1605090158.0,2020-11-11 04:22:38
giantyetifeet,esist,1.0,False,Steve Bannon Caught Running a Network of Misinformation Pages on Facebook,jrzbf5,,https://gizmodo.com/steve-bannon-caught-running-a-network-of-misinformation-1845633004,0,1605090075.0,2020-11-11 04:21:15
giantyetifeet,EnoughTrumpSpam,1.0,False,Steve Bannon Caught Running a Network of Misinformation Pages on Facebook,jrzb8u,,https://gizmodo.com/steve-bannon-caught-running-a-network-of-misinformation-1845633004,5,1605090058.0,2020-11-11 04:20:58
techsinger,Jokes,0.95,False,"An American tourist is hit by a car in downtown Sydney, AU.",idbrxq,"He is in a coma for 24 hours. When he wakes up in the hospital, he is very disoriented.

""Did I come here to die?"" he asks.

The nurse replies, ""No, love, you came here yestadie!""",https://www.reddit.com/r/Jokes/comments/idbrxq/an_american_tourist_is_hit_by_a_car_in_downtown/,13,1597964156.0,2020-08-20 17:55:56
techsinger,politics,1.0,False,Michigan Attorney General says Trump campaign lawsuits claiming election misconduct are a fishing expedition,jt8zvc,,https://abc7chicago.com/donald-trump-2020-election-michigan-results-audit/7906953/,1,1605264013.0,2020-11-13 04:40:13
techsinger,PoliticalHumor,0.97,False,He even has his own vineyard!,jskemb,,https://i.redd.it/asbq2vycepy51.jpg,1,1605170234.0,2020-11-12 02:37:14
techsinger,inthenews,0.88,False,"First ladies aren't on the ballot, but Jill Biden will be a force in the White House",jsk6zo,,https://www.usatoday.com/story/opinion/voices/2020/10/29/jill-biden-first-lady-veterans-military-vote-column/6056844002/,1,1605169505.0,2020-11-12 02:25:05
techsinger,politics,0.98,False,"Dallas’ Robert Jeffress, leading pro-Trump evangelical conservative: ‘Biden is president-elect’",jsc8gd,,https://www.dallasnews.com/news/politics/2020/11/11/dallas-robert-jeffress-leading-pro-trump-evangelical-conservative-biden-is-president-elect/,13,1605143940.0,2020-11-11 19:19:00
burst678,Congress,1.0,False,Podcast: Chaos in Congress and Bridging the Great Divide,jt8zee,,https://www.ny1.com/fl/orlando/political-connections/2020/11/09/pconn-110820-3,0,1605263967.0,2020-11-13 04:39:27
burst678,DemocraticSocialism,1.0,False,Podcast: Chaos in Congress and Bridging the Great Divide,jt8z72,,https://www.ny1.com/fl/orlando/political-connections/2020/11/09/pconn-110820-3,1,1605263944.0,2020-11-13 04:39:04
burst678,democrats,1.0,False,Podcast: Chaos in Congress and Bridging the Great Divide,jt8z1u,,https://www.ny1.com/fl/orlando/political-connections/2020/11/09/pconn-110820-3,0,1605263929.0,2020-11-13 04:38:49
burst678,politics,0.33,False,Podcast: Chaos in Congress and Bridging the Great Divide,jt8ywd,,https://www.ny1.com/fl/orlando/political-connections/2020/11/09/pconn-110820-3,1,1605263912.0,2020-11-13 04:38:32
burst678,democrats,1.0,False,Wrong Again: Why Pollsters Missed in 2020,jstlao,,https://spectrumlocalnews.com/nc/charlotte/tying-it-together-with-tim-boyum/2020/11/10/wrong-again--why-pollsters-missed-in-2020,1,1605212085.0,2020-11-12 14:14:45
Zer0_Karma,politics,0.91,False,Why Trump's 4-front attack on U.S. election result is doomed to fail,jt8xb0,,https://www.cbc.ca/news/world/trump-four-fronts-1.5798857,1,1605263739.0,2020-11-13 04:35:39
Zer0_Karma,onguardforthee,0.89,False,Toronto van attack: 'Incel' killer Minassian pleads not criminally responsible,jrvy72,,https://www.bbc.com/news/world-us-canada-54895219,4,1605078557.0,2020-11-11 01:09:17
Zer0_Karma,canada,0.77,False,Toronto van attack: 'Incel' killer Minassian pleads not criminally responsible,jrvxgv,,https://www.bbc.com/news/world-us-canada-54895219,9,1605078492.0,2020-11-11 01:08:12
Zer0_Karma,canada,0.39,False,Commons planning new security measures as MPs report threats of violence,jp35fr,,https://www.cbc.ca/news/politics/house-commons-mps-threats-security-pandemic-1.5791110,3,1604689075.0,2020-11-06 12:57:55
Zer0_Karma,beatles,0.63,False,Paul McCartney Reflects On His Feud With Michael Jackson Over The Beatles Catalog | A great compilation of Macca interviews telling the story in his own words,jfzewa,,https://www.youtube.com/watch?v=3jdB7Apk-R4&ab_channel=thedetail.,0,1603401362.0,2020-10-22 16:16:02
LK102614,politics,1.0,False,Arizona 2020 General Election Hand Count Results,jt8vys,,https://azsos.gov/election/2020-general-election-hand-count-results,9,1605263599.0,2020-11-13 04:33:19
LK102614,Coronavirus,0.92,False,Chinese government is “suggesting” factories remain closed until the 15th.,eztpyy,"It’s just a suggestion now, but may become policy in the next day or two.",https://www.reddit.com/r/Coronavirus/comments/eztpyy/chinese_government_is_suggesting_factories_remain/,3,1581030910.0,2020-02-06 17:15:10
